485,9,,,,,,,
Time,rHAT,lHAT,RHip,LHip,RKnee,LKnee,RAnkle,LAnkle
0,84.66454,80.84025,158.6408,143.4992,47.11487,157.0739,118.64,108.374
0.001,84.64117,80.81519,157.8673,143.9285,46.54572,156.9066,118.4228,108.022
0.002,84.6165,80.79004,157.0882,144.3586,45.99213,156.7249,118.2055,107.6279
0.003,84.59048,80.76467,156.3036,144.7887,45.45428,156.5279,117.9879,107.1932
0.004,84.56311,80.73893,155.5132,145.218,44.93239,156.315,117.7701,106.7198
0.005,84.53438,80.71268,154.7171,145.6454,44.42665,156.0855,117.5519,106.2105
0.006,84.50429,80.68577,153.9152,146.0701,43.93727,155.8389,117.3334,105.6679
0.007,84.47287,80.65805,153.1073,146.4911,43.46447,155.575,117.1145,105.0954
0.008,84.44017,80.62938,152.2935,146.9076,43.00846,155.2934,116.8953,104.4961
0.009,84.40626,80.59962,151.4737,147.3187,42.56948,154.9941,116.6759,103.8734
0.01,84.37124,80.56864,150.6479,147.7236,42.14779,154.6771,116.4562,103.2307
0.011,84.33524,80.53633,149.816,148.1216,41.74366,154.3425,116.2365,102.5714
0.012,84.2984,80.5026,148.9781,148.5122,41.35737,153.9907,116.0167,101.8989
0.013,84.26091,80.46735,148.1344,148.8949,40.98925,153.6222,115.7971,101.2163
0.014,84.223,80.43053,147.2848,149.2692,40.6396,153.2375,115.5778,100.5268
0.015,84.18489,80.39211,146.4296,149.6352,40.30879,152.8376,115.3589,99.83323
0.016,84.14688,80.35208,145.569,149.9928,39.99717,152.4232,115.1407,99.13831
0.017,84.10925,80.31046,144.7033,150.3422,39.70512,151.9956,114.9232,98.44445
0.018,84.07232,80.26728,143.8328,150.6839,39.43301,151.5561,114.7066,97.75385
0.019,84.03644,80.22261,142.958,151.0184,39.18123,151.1062,114.4913,97.06847
0.02,84.00194,80.17656,142.0791,151.3464,38.95018,150.6475,114.2773,96.39005
0.021,83.96921,80.12923,141.1967,151.6691,38.74025,150.1817,114.065,95.72011
0.022,83.93859,80.08079,140.3113,151.9873,38.55183,149.7109,113.8544,95.06
0.023,83.91048,80.03141,139.4235,152.3026,38.38531,149.2369,113.646,94.41091
0.024,83.88522,79.9813,138.5339,152.6161,38.24105,148.7619,113.4398,93.77388
0.025,83.8632,79.93069,137.6431,152.9296,38.11941,148.2879,113.2362,93.1498
0.026,83.84474,79.87984,136.752,153.2446,38.02073,147.8173,113.0354,92.53946
0.027,83.83019,79.82904,135.861,153.5627,37.94532,147.3521,112.8375,91.94353
0.028,83.81985,79.77858,134.9712,153.8858,37.89345,146.8946,112.6428,91.3626
0.029,83.814,79.7288,134.0832,154.2157,37.86536,146.4468,112.4514,90.79714
0.03,83.81288,79.68003,133.1978,154.5541,37.86124,146.0109,112.2635,90.24756
0.031,83.81671,79.63263,132.3159,154.9027,37.88124,145.5887,112.0793,89.71422
0.032,83.82568,79.58696,131.4382,155.2633,37.92545,145.1823,111.8988,89.1974
0.033,83.83991,79.5434,130.5657,155.6375,37.99391,144.7932,111.7222,88.69734
0.034,83.85951,79.50231,129.699,156.0267,38.08661,144.4231,111.5494,88.21426
0.035,83.88454,79.46408,128.8392,156.4324,38.20346,144.0733,111.3804,87.74834
0.036,83.91499,79.42906,127.9869,156.8558,38.34434,143.745,111.2151,87.29977
0.037,83.95086,79.39762,127.143,157.2979,38.50903,143.4392,111.0535,86.86873
0.038,83.99205,79.37013,126.3083,157.7596,38.69728,143.1566,110.8955,86.45541
0.039,84.03848,79.34693,125.4835,158.2416,38.90879,142.8979,110.7408,86.06004
0.04,84.08998,79.32836,124.6695,158.7445,39.14317,142.6635,110.5892,85.68287
0.041,84.1464,79.31474,123.867,159.2687,39.40002,142.4536,110.4404,85.32421
0.042,84.2075,79.30639,123.0768,159.8144,39.67885,142.2684,110.2943,84.98443
0.043,84.27307,79.30362,122.2995,160.3816,39.97917,142.1078,110.1504,84.66396
0.044,84.34283,79.30669,121.5359,160.9702,40.30042,141.9717,110.0085,84.36332
0.045,84.41651,79.31587,120.7868,161.5802,40.64202,141.86,109.8682,84.08312
0.046,84.4938,79.33141,120.0526,162.211,41.00338,141.7725,109.7292,83.82405
0.047,84.57438,79.35353,119.3342,162.8624,41.38386,141.7087,109.5911,83.58691
0.048,84.65794,79.38243,118.632,163.5339,41.78283,141.6686,109.4536,83.3726
0.049,84.74415,79.41828,117.9467,164.2248,42.19965,141.6518,109.3165,83.18213
0.05,84.83266,79.46123,117.2789,164.9345,42.63366,141.6581,109.1793,83.0166
0.051,84.92315,79.51142,116.629,165.6624,43.08421,141.6873,109.0418,82.87724
0.052,85.01529,79.56893,115.9976,166.4077,43.55067,141.7392,108.9039,82.76537
0.053,85.10877,79.63384,115.385,167.1697,44.03242,141.8138,108.7652,82.6824
0.054,85.20325,79.70619,114.7917,167.9477,44.52884,141.9111,108.6258,82.62984
0.055,85.29845,79.78597,114.2179,168.7409,45.03935,142.0309,108.4856,82.60928
0.056,85.39407,79.87316,113.664,169.5485,45.56339,142.1735,108.3446,82.62239
0.057,85.48982,79.9677,113.1301,170.3697,46.10043,142.3388,108.2029,82.67087
0.058,85.58545,80.06948,112.6164,171.2037,46.64994,142.527,108.0607,82.75652
0.059,85.68069,80.17837,112.1229,172.0498,47.21142,142.7382,107.9182,82.88115
0.06,85.77528,80.29419,111.6496,172.907,47.78442,142.9725,107.7756,83.0466
0.061,85.86901,80.41673,111.1964,173.7746,48.36847,143.2302,107.6332,83.25473
0.062,85.96164,80.54573,110.763,174.6517,48.96315,143.5111,107.4914,83.50742
0.063,86.05297,80.68091,110.3493,175.5375,49.56805,143.8154,107.3506,83.8065
0.064,86.14278,80.82194,109.9548,176.431,50.1828,144.1431,107.2111,84.1538
0.065,86.2309,80.96849,109.5791,177.3313,50.80703,144.494,107.0735,84.55111
0.066,86.31714,81.12016,109.2219,178.2377,51.44042,144.8678,106.9381,85.00013
0.067,86.40131,81.27656,108.8825,179.149,52.08267,145.2643,106.8055,85.5025
0.068,86.48327,81.43725,108.5603,180.0645,52.73347,145.683,106.6762,86.05974
0.069,86.56286,81.60179,108.2548,180.983,53.39257,146.1232,106.5505,86.67326
0.07,86.6399,81.76971,107.9652,181.9035,54.05969,146.5841,106.4289,87.34432
0.071,86.71427,81.94053,107.6909,182.8251,54.7346,147.0649,106.3118,88.07402
0.072,86.78581,82.11376,107.4312,183.7466,55.41707,147.5644,106.1996,88.86325
0.073,86.85438,82.2889,107.1852,184.6669,56.10687,148.0812,106.0925,89.71272
0.074,86.91984,82.46543,106.9523,185.5849,56.80379,148.614,105.991,90.62289
0.075,86.98205,82.64283,106.7317,186.4993,57.50764,149.1611,105.8952,91.59394
0.076,87.04089,82.82058,106.5225,187.409,58.21823,149.7207,105.8055,92.62576
0.077,87.09623,82.99815,106.324,188.3127,58.93538,150.2911,105.722,93.71791
0.078,87.14795,83.17501,106.1354,189.2091,59.65893,150.87,105.6448,94.86956
0.079,87.19594,83.35064,105.956,190.0969,60.3887,151.4554,105.5741,96.07946
0.08,87.2401,83.52452,105.7849,190.975,61.12456,152.045,105.5099,97.34591
0.081,87.28036,83.69614,105.6216,191.8419,61.86637,152.6365,105.4522,98.66668
0.082,87.31665,83.865,105.4653,192.6965,62.61398,153.2276,105.4009,100.039
0.083,87.34892,84.03064,105.3153,193.5374,63.36729,153.8159,105.3558,101.4596
0.084,87.37714,84.19259,105.1711,194.3635,64.12619,154.3989,105.3168,102.9245
0.085,87.40131,84.3504,105.0321,195.1737,64.89061,154.9742,105.2836,104.4292
0.086,87.42146,84.50367,104.8979,195.9668,65.66048,155.5394,105.2559,105.9685
0.087,87.43763,84.652,104.7679,196.7417,66.43576,156.0923,105.2334,107.5369
0.088,87.4499,84.79504,104.6419,197.4975,67.21644,156.6304,105.2158,109.128
0.089,87.45837,84.93245,104.5194,198.2332,68.00253,157.1517,105.2026,110.7352
0.09,87.46316,85.06394,104.4003,198.9481,68.79404,157.6538,105.1934,112.3515
0.091,87.46444,85.18922,104.2843,199.6413,69.59104,158.1348,105.1877,113.9694
0.092,87.46237,85.30807,104.1714,200.3122,70.39362,158.5928,105.1851,115.5815
0.093,87.45716,85.42028,104.0613,200.9602,71.20186,159.0257,105.185,117.1803
0.094,87.44904,85.52568,103.9541,201.5847,72.0159,159.432,105.1869,118.7581
0.095,87.43824,85.62411,103.8499,202.1852,72.8359,159.8099,105.1903,120.3077
0.096,87.42501,85.71549,103.7487,202.7615,73.66204,160.1579,105.1949,121.822
0.097,87.40963,85.79972,103.6506,203.3132,74.49451,160.4745,105.2,123.2943
0.098,87.39236,85.87676,103.5558,203.84,75.33354,160.7583,105.2053,124.7185
0.099,87.37348,85.94661,103.4647,204.3417,76.17938,161.0081,105.2104,126.089
0.1,87.35327,86.00927,103.3774,204.8183,77.03229,161.2227,105.2148,127.4008
0.101,87.33199,86.06479,103.2943,205.2697,77.89254,161.401,105.2183,128.6495
0.102,87.30992,86.11325,103.2157,205.6958,78.76043,161.5421,105.2205,129.8314
0.103,87.2873,86.15473,103.1422,206.0968,79.63626,161.6452,105.2212,130.9437
0.104,87.26437,86.18938,103.074,206.4726,80.52034,161.7093,105.2201,131.9842
0.105,87.24136,86.21733,103.0118,206.8234,81.41299,161.7339,105.2172,132.9516
0.106,87.21846,86.23875,102.9558,207.1494,82.31453,161.7185,105.2122,133.8452
0.107,87.19585,86.25383,102.9068,207.4508,83.22526,161.6625,105.2052,134.6652
0.108,87.17369,86.26277,102.8652,207.7278,84.14551,161.5658,105.196,135.4124
0.109,87.15212,86.26579,102.8315,207.9806,85.07557,161.4282,105.1847,136.0883
0.11,87.13123,86.26311,102.8062,208.2097,86.01572,161.2496,105.1713,136.6946
0.111,87.11111,86.25496,102.7899,208.4153,86.96623,161.0301,105.1559,137.2339
0.112,87.09183,86.24157,102.783,208.5979,87.92734,160.77,105.1386,137.709
0.113,87.07343,86.2232,102.786,208.7576,88.89926,160.4697,105.1195,138.1228
0.114,87.05592,86.20008,102.7993,208.8951,89.88216,160.1296,105.0986,138.4788
0.115,87.03932,86.17246,102.8235,209.0107,90.8762,159.7504,105.0762,138.7802
0.116,87.02358,86.14058,102.8588,209.1049,91.88148,159.3328,105.0524,139.0308
0.117,87.00869,86.10471,102.9056,209.1783,92.89806,158.8776,105.0272,139.2342
0.118,86.9946,86.06508,102.9642,209.2312,93.92597,158.3859,105.0009,139.3938
0.119,86.98123,86.02194,103.035,209.2643,94.96518,157.8586,104.9735,139.5135
0.12,86.96851,85.97555,103.1182,209.2782,96.01562,157.2969,104.9451,139.5969
0.121,86.95636,85.92616,103.2138,209.2735,97.07717,156.702,104.916,139.6476
0.122,86.94468,85.87401,103.3223,209.2508,98.14966,156.0751,104.8861,139.6691
0.123,86.93337,85.81935,103.4435,209.2107,99.23286,155.4175,104.8555,139.6651
0.124,86.92232,85.76243,103.5777,209.154,100.3265,154.7307,104.8244,139.639
0.125,86.91142,85.7035,103.7248,209.0813,101.4302,154.016,104.7926,139.5943
0.126,86.90057,85.6428,103.8849,208.9933,102.5436,153.2749,104.7603,139.5343
0.127,86.88963,85.58057,104.0579,208.8907,103.6662,152.5088,104.7275,139.4621
0.128,86.87852,85.51704,104.2438,208.7744,104.7976,151.7191,104.694,139.3807
0.129,86.8671,85.45246,104.4425,208.645,105.9372,150.9074,104.6599,139.2929
0.13,86.85528,85.38706,104.6537,208.5032,107.0843,150.075,104.6251,139.2012
0.131,86.84296,85.32105,104.8774,208.3497,108.2383,149.2234,104.5896,139.108
0.132,86.83005,85.25468,105.1133,208.1854,109.3984,148.3539,104.5531,139.0152
0.133,86.81644,85.18814,105.3612,208.011,110.564,147.468,104.5156,138.9248
0.134,86.80207,85.12167,105.6208,207.8271,111.7342,146.5669,104.4771,138.8381
0.135,86.78686,85.05546,105.8917,207.6345,112.9082,145.6519,104.4373,138.7565
0.136,86.77075,84.98972,106.1737,207.4338,114.0851,144.7243,104.3963,138.6809
0.137,86.75369,84.92466,106.4664,207.2259,115.2641,143.7853,104.3538,138.6122
0.138,86.73562,84.86045,106.7695,207.0112,116.4441,142.836,104.3099,138.5507
0.139,86.71652,84.79728,107.0825,206.7905,117.6243,141.8774,104.2645,138.4968
0.14,86.69635,84.73533,107.405,206.5645,118.8038,140.9107,104.2176,138.4505
0.141,86.67509,84.67476,107.7367,206.3336,119.9816,139.9367,104.1692,138.4118
0.142,86.65274,84.61573,108.077,206.0984,121.1568,138.9563,104.1193,138.3802
0.143,86.6293,84.55838,108.4257,205.8596,122.3285,137.9705,104.068,138.3554
0.144,86.60476,84.50285,108.7822,205.6176,123.4958,136.98,104.0155,138.3367
0.145,86.57916,84.44927,109.1462,205.3728,124.6579,135.9855,103.9619,138.3234
0.146,86.55251,84.39776,109.5173,205.1258,125.8138,134.9877,103.9075,138.3147
0.147,86.52485,84.34843,109.895,204.877,126.9627,133.9873,103.8525,138.3096
0.148,86.49622,84.30138,110.2789,204.6266,128.1039,132.9847,103.7972,138.3072
0.149,86.46666,84.25669,110.6688,204.3751,129.2365,131.9806,103.742,138.3065
0.15,86.43623,84.21445,111.0642,204.1228,130.3598,130.9753,103.6872,138.3065
0.151,86.40499,84.17471,111.4649,203.8699,131.4731,129.9694,103.6333,138.3062
0.152,86.37299,84.13755,111.8703,203.6167,132.5756,128.9632,103.5808,138.3045
0.153,86.34031,84.10299,112.2803,203.3634,133.6667,127.9571,103.5301,138.3004
0.154,86.30701,84.07108,112.6946,203.1101,134.7457,126.9513,103.4817,138.2932
0.155,86.27317,84.04184,113.1128,202.857,135.812,125.9462,103.4363,138.2817
0.156,86.23884,84.01528,113.5346,202.6041,136.8649,124.942,103.3943,138.2654
0.157,86.2041,83.9914,113.9598,202.3515,137.9038,123.9389,103.3562,138.2433
0.158,86.16901,83.97018,114.3881,202.0993,138.9281,122.9371,103.3226,138.2149
0.159,86.13363,83.9516,114.8191,201.8474,139.9372,121.9367,103.2941,138.1795
0.16,86.09802,83.93562,115.2528,201.5958,140.9306,120.938,103.2709,138.1366
0.161,86.06222,83.92219,115.6886,201.3444,141.9076,119.941,103.2537,138.0858
0.162,86.02628,83.91126,116.1265,201.0932,142.8675,118.9457,103.2427,138.0267
0.163,85.99025,83.90275,116.5661,200.842,143.81,117.9524,103.2383,137.9589
0.164,85.95415,83.89659,117.0071,200.5907,144.7342,116.9611,103.2408,137.8824
0.165,85.91801,83.89269,117.4492,200.3392,145.6398,115.9717,103.2502,137.7969
0.166,85.88186,83.89096,117.8922,200.0871,146.5259,114.9844,103.2668,137.7024
0.167,85.84572,83.89129,118.3357,199.8343,147.3921,113.9992,103.2906,137.5989
0.168,85.8096,83.89356,118.7795,199.5807,148.2378,113.0161,103.3214,137.4865
0.169,85.7735,83.89767,119.2231,199.3258,149.0623,112.0351,103.3592,137.3652
0.17,85.73743,83.90349,119.6663,199.0696,149.865,111.0562,103.4037,137.2353
0.171,85.70138,83.91089,120.1088,198.8117,150.6454,110.0794,103.4546,137.097
0.172,85.66535,83.91973,120.5501,198.5517,151.4028,109.1046,103.5116,136.9505
0.173,85.62932,83.92989,120.99,198.2895,152.1368,108.132,103.5743,136.7961
0.174,85.59329,83.94121,121.4281,198.0248,152.8466,107.1614,103.6422,136.6342
0.175,85.55723,83.95356,121.864,197.7571,153.5319,106.1928,103.7147,136.4651
0.176,85.52113,83.9668,122.2973,197.4863,154.192,105.2262,103.7914,136.289
0.177,85.48495,83.98078,122.7278,197.212,154.8264,104.2616,103.8717,136.1065
0.178,85.44869,83.99536,123.155,196.9338,155.4346,103.299,103.9551,135.9179
0.179,85.41231,84.0104,123.5785,196.6516,156.0163,102.3384,104.0411,135.7234
0.18,85.37579,84.02576,123.9981,196.365,156.5709,101.3797,104.1291,135.5236
0.181,85.3391,84.0413,124.4134,196.0737,157.0981,100.4229,104.2187,135.3187
0.182,85.30223,84.0569,124.8241,195.7774,157.5976,99.46812,104.3094,135.1091
0.183,85.26515,84.07242,125.2298,195.4758,158.0689,98.51523,104.4009,134.8952
0.184,85.22784,84.08774,125.6303,195.1688,158.512,97.56428,104.4928,134.6772
0.185,85.19029,84.10275,126.0253,194.8559,158.9266,96.61529,104.5849,134.4555
0.186,85.15248,84.11732,126.4145,194.5371,159.3126,95.66828,104.6768,134.2303
0.187,85.1144,84.13136,126.7978,194.212,159.6698,94.72327,104.7685,134.0019
0.188,85.07605,84.14477,127.175,193.8805,159.9983,93.78029,104.8598,133.7705
0.189,85.03742,84.15745,127.5458,193.5423,160.2981,92.83941,104.9506,133.5364
0.19,84.9985,84.16931,127.9101,193.1972,160.5692,91.90066,105.0408,133.2997
0.191,84.9593,84.18028,128.2678,192.8451,160.8119,90.96412,105.1305,133.0606
0.192,84.91981,84.19029,128.6189,192.4858,161.0263,90.02985,105.2195,132.8192
0.193,84.88004,84.19925,128.9632,192.1192,161.2127,89.09794,105.308,132.5757
0.194,84.83999,84.20713,129.3009,191.7451,161.3715,88.16851,105.396,132.3302
0.195,84.79969,84.21386,129.6318,191.3634,161.503,87.24165,105.4835,132.0827
0.196,84.75913,84.2194,129.956,190.974,161.6078,86.31751,105.5706,131.8334
0.197,84.71835,84.22372,130.2738,190.5769,161.6863,85.39623,105.6574,131.5823
0.198,84.67735,84.22678,130.5851,190.1718,161.7393,84.47797,105.744,131.3294
0.199,84.63615,84.22858,130.8901,189.7589,161.7673,83.5629,105.8305,131.0748
0.2,84.59479,84.2291,131.1892,189.338,161.7711,82.65122,105.917,130.8184
0.201,84.55328,84.22833,131.4825,188.9092,161.7516,81.74313,106.0037,130.5604
0.202,84.51165,84.22629,131.7704,188.4723,161.7096,80.83886,106.0906,130.3008
0.203,84.46993,84.22299,132.0532,188.0275,161.6461,79.93864,106.178,130.0395
0.204,84.42815,84.21844,132.3313,187.5747,161.5622,79.04273,106.266,129.7766
0.205,84.38634,84.21267,132.6052,187.114,161.459,78.15138,106.3549,129.5121
0.206,84.34454,84.20574,132.8753,186.6454,161.3376,77.26488,106.4447,129.2461
0.207,84.30278,84.19767,133.1421,186.169,161.1993,76.3835,106.5357,128.9785
0.208,84.2611,84.18852,133.4061,185.6848,161.0453,75.50753,106.6282,128.7095
0.209,84.21954,84.17833,133.6681,185.1929,160.877,74.63729,106.7223,128.4392
0.21,84.17814,84.16719,133.9285,184.6934,160.6959,73.77308,106.8182,128.1674
0.211,84.13694,84.15513,134.1881,184.1864,160.5032,72.91521,106.916,127.8945
0.212,84.09598,84.14224,134.4475,183.672,160.3005,72.06401,107.016,127.6204
0.213,84.0553,84.12858,134.7073,183.1502,160.0892,71.2198,107.1182,127.3453
0.214,84.01494,84.11421,134.9684,182.6212,159.8709,70.3829,107.2226,127.0692
0.215,83.97495,84.0992,135.2313,182.085,159.6469,69.55366,107.3292,126.7923
0.216,83.93534,84.08363,135.4969,181.5418,159.4188,68.7324,107.4378,126.5148
0.217,83.89615,84.06753,135.7657,180.9916,159.1879,67.91944,107.5482,126.2367
0.218,83.85742,84.05098,136.0385,180.4346,158.9557,67.11512,107.6599,125.9582
0.219,83.81916,84.03403,136.316,179.8707,158.7234,66.31975,107.7725,125.6795
0.22,83.78139,84.01671,136.5988,179.3001,158.4923,65.53365,107.8853,125.4008
0.221,83.74412,83.99905,136.8874,178.7227,158.2636,64.75715,107.9974,125.1221
0.222,83.70736,83.9811,137.1824,178.1387,158.0382,63.99053,108.108,124.8438
0.223,83.6711,83.96285,137.4843,177.5481,157.8172,63.23412,108.2157,124.5659
0.224,83.63533,83.94431,137.7936,176.9508,157.6013,62.4882,108.3193,124.2887
0.225,83.60003,83.92547,138.1105,176.3469,157.3912,61.75306,108.4172,124.0124
0.226,83.56518,83.90631,138.4354,175.7363,157.1874,61.02897,108.5078,123.737
0.227,83.53072,83.8868,138.7685,175.1189,156.9901,60.31621,108.5891,123.4628
0.228,83.49661,83.86687,139.1099,174.4947,156.7997,59.61502,108.6592,123.1899
0.229,83.46279,83.84648,139.4595,173.8636,156.616,58.92565,108.716,122.9185
0.23,83.42918,83.82554,139.8174,173.2255,156.4389,58.24834,108.757,122.6487
0.231,83.3957,83.80396,140.1833,172.5801,156.268,57.58333,108.7801,122.3807
0.232,83.36226,83.78165,140.557,171.9274,156.1028,56.93082,108.7827,122.1145
0.233,83.32876,83.7585,140.938,171.2672,155.9427,56.29104,108.7624,121.8504
0.234,83.29509,83.73438,141.326,170.5992,155.7866,55.66417,108.7168,121.5883
0.235,83.26112,83.70916,141.7203,169.9233,155.6338,55.05042,108.6436,121.3285
0.236,83.22671,83.6827,142.1202,169.2392,155.4831,54.44995,108.5406,121.0709
0.237,83.19173,83.65485,142.5251,168.5466,155.3333,53.86296,108.4061,120.8155
0.238,83.156,83.62546,142.9341,167.8453,155.1833,53.2896,108.2386,120.5625
0.239,83.11936,83.59437,143.3463,167.135,155.0317,52.73005,108.0372,120.3119
0.24,83.08164,83.56144,143.7608,166.4155,154.8774,52.18446,107.8015,120.0636
0.241,83.04265,83.52653,144.1766,165.6864,154.719,51.65301,107.5316,119.8177
0.242,83.00221,83.48948,144.5927,164.9476,154.5554,51.13587,107.2283,119.5742
0.243,82.96013,83.45018,145.008,164.1988,154.3854,50.63322,106.8927,119.333
0.244,82.91621,83.40851,145.4215,163.4397,154.2078,50.14525,106.5261,119.0941
0.245,82.87027,83.3644,145.8323,162.6704,154.0217,49.67215,106.1305,118.8575
0.246,82.82212,83.31777,146.2392,161.8905,153.826,49.21415,105.7077,118.6231
0.247,82.77159,83.26859,146.6414,161.1001,153.6198,48.77146,105.2601,118.391
0.248,82.71852,83.21687,147.038,160.2992,153.4022,48.34435,104.7898,118.1611
0.249,82.66274,83.16263,147.4282,159.4878,153.1726,47.93309,104.2994,117.9334
0.25,82.60413,83.10595,147.8112,158.666,152.9301,47.53796,103.7912,117.7079
0.251,82.54256,83.04692,148.1866,157.8341,152.6743,47.15928,103.2678,117.4846
0.252,82.47794,82.98572,148.5538,156.9923,152.4047,46.7974,102.7315,117.2635
0.253,82.4102,82.92252,148.9126,156.1411,152.121,46.45268,102.1845,117.0446
0.254,82.3393,82.85756,149.2627,155.2809,151.8228,46.12551,101.6291,116.828
0.255,82.26524,82.79111,149.6041,154.4123,151.5102,45.81632,101.0672,116.6136
0.256,82.18803,82.72351,149.937,153.536,151.183,45.52554,100.5004,116.4016
0.257,82.10773,82.65508,150.2617,152.6528,150.8415,45.25364,99.93048,116.1919
0.258,82.02445,82.58623,150.5786,151.7634,150.4859,45.00106,99.35862,115.9845
0.259,81.93829,82.51734,150.8884,150.8689,150.1165,44.76829,98.786,115.7796
0.26,81.84943,82.44886,151.1918,149.9701,149.7339,44.5558,98.21359,115.5772
0.261,81.75805,82.38122,151.4896,149.0681,149.3387,44.36402,97.64222,115.3772
0.262,81.66439,82.31488,151.7831,148.1639,148.9317,44.19342,97.07257,115.1798
0.263,81.56869,82.25027,152.0732,147.2586,148.5137,44.04441,96.50523,114.9849
0.264,81.47126,82.18786,152.3614,146.3533,148.0859,43.91737,95.94074,114.7927
0.265,81.37242,82.12807,152.6489,145.4492,147.6496,43.81268,95.37955,114.6029
0.266,81.27253,82.07134,152.9373,144.5472,147.206,43.73064,94.82212,114.4157
0.267,81.172,82.01809,153.2281,143.6485,146.7568,43.67154,94.26889,114.231
0.268,81.07125,81.96869,153.523,142.7542,146.3034,43.6356,93.72029,114.0486
0.269,80.97073,81.92352,153.8235,141.8654,145.8478,43.62302,93.17678,113.8686
0.27,80.87093,81.88289,154.1315,140.9831,145.3916,43.6339,92.63886,113.6906
0.271,80.77236,81.84709,154.4484,140.1083,144.9369,43.66834,92.10707,113.5146
0.272,80.67554,81.8164,154.776,139.2418,144.4855,43.72633,91.58199,113.3403
0.273,80.58103,81.791,155.1157,138.3847,144.0395,43.80784,91.06427,113.1675
0.274,80.48937,81.77107,155.4692,137.5376,143.6008,43.91278,90.55463,112.996
0.275,80.40113,81.75673,155.8377,136.7014,143.1713,44.041,90.05385,112.8256
0.276,80.31689,81.74807,156.2226,135.8767,142.753,44.19229,89.5628,112.6559
0.277,80.23722,81.74511,156.625,135.0641,142.3477,44.36642,89.08243,112.4868
0.278,80.16267,81.74784,157.046,134.2643,141.9571,44.56309,88.61377,112.318
0.279,80.09381,81.75622,157.4863,133.4777,141.583,44.78197,88.15793,112.1492
0.28,80.03117,81.77015,157.9468,132.7048,141.227,45.02269,87.71609,111.9802
0.281,79.97526,81.7895,158.428,131.9458,140.8906,45.28485,87.28953,111.8108
0.282,79.92657,81.81411,158.9303,131.2012,140.5752,45.56803,86.87956,111.6409
0.283,79.88554,81.84378,159.4539,130.4711,140.2821,45.87176,86.48756,111.4702
0.284,79.8526,81.8783,159.9989,129.7558,140.0124,46.19558,86.11495,111.2987
0.285,79.82812,81.91741,160.5652,129.0553,139.7671,46.539,85.76318,111.1263
0.286,79.81242,81.96086,161.1525,128.3698,139.5471,46.90152,85.43374,110.9528
0.287,79.80578,82.00836,161.7605,127.6994,139.3531,47.28263,85.12813,110.7784
0.288,79.80843,82.05961,162.3885,127.044,139.1856,47.68181,84.84788,110.6031
0.289,79.82055,82.11432,163.0359,126.4037,139.0452,48.09854,84.59453,110.4269
0.29,79.84225,82.17219,163.7018,125.7783,138.9321,48.5323,84.36962,110.2501
0.291,79.8736,82.23289,164.3853,125.1676,138.8464,48.98255,84.17473,110.0726
0.292,79.91459,82.29611,165.0855,124.5717,138.7883,49.44876,84.0114,109.8949
0.293,79.96516,82.36154,165.8011,123.9901,138.7577,49.93038,83.88123,109.717
0.294,80.02521,82.42888,166.531,123.4228,138.7545,50.42688,83.78577,109.5394
0.295,80.09456,82.49781,167.274,122.8693,138.7784,50.93769,83.72662,109.3623
0.296,80.17299,82.56806,168.0288,122.3295,138.8293,51.46228,83.70532,109.1862
0.297,80.26024,82.63934,168.7942,121.8029,138.9066,52.00009,83.72346,109.0113
0.298,80.356,82.71139,169.5689,121.2893,139.0102,52.55058,83.78255,108.838
0.299,80.4599,82.78393,170.3516,120.7881,139.1395,53.1132,83.88413,108.6669
0.3,80.57154,82.85673,171.1411,120.2991,139.294,53.68739,84.02967,108.4983
0.301,80.69048,82.92955,171.9361,119.8216,139.4733,54.27261,84.22063,108.3325
0.302,80.81623,83.00214,172.7353,119.3554,139.6767,54.86832,84.4584,108.17
0.303,80.9483,83.0743,173.5377,118.8999,139.9036,55.47397,84.74432,108.0111
0.304,81.08614,83.14581,174.3419,118.4545,140.1533,56.08903,85.07965,107.8561
0.305,81.22921,83.21648,175.1469,118.019,140.4251,56.71298,85.46558,107.7053
0.306,81.37694,83.28611,175.9515,117.5927,140.7182,57.34531,85.9032,107.559
0.307,81.52878,83.35455,176.7547,117.1753,141.0317,57.98551,86.3935,107.4175
0.308,81.68414,83.42164,177.5556,116.7662,141.3647,58.63311,86.93734,107.2808
0.309,81.84247,83.48724,178.3531,116.3651,141.7162,59.28765,87.53547,107.1491
0.31,82.0032,83.55124,179.1464,115.9715,142.0851,59.94868,88.18844,107.0227
0.311,82.16577,83.61351,179.9346,115.5852,142.4704,60.61579,88.89668,106.9015
0.312,82.32966,83.67396,180.717,115.2057,142.8708,61.28859,89.66041,106.7856
0.313,82.49431,83.73251,181.4926,114.8328,143.285,61.96671,90.47963,106.6751
0.314,82.65922,83.78908,182.2609,114.4662,143.7118,62.64982,91.35413,106.5701
0.315,82.82387,83.84361,183.0211,114.1056,144.1497,63.33762,92.28344,106.4704
0.316,82.98778,83.89603,183.7727,113.7509,144.5973,64.02982,93.26681,106.3761
0.317,83.15047,83.94631,184.5149,113.4019,145.053,64.7262,94.30316,106.2871
0.318,83.31148,83.9944,185.2472,113.0584,145.5155,65.42652,95.39111,106.2033
0.319,83.47036,84.04028,185.9691,112.7205,145.983,66.13063,96.52888,106.1247
0.32,83.6267,84.08391,186.6801,112.3879,146.4541,66.83836,97.71431,106.0511
0.321,83.78009,84.12529,187.3797,112.0606,146.9271,67.5496,98.94483,105.9825
0.322,83.93014,84.16441,188.0675,111.7388,147.4003,68.26427,100.2174,105.9188
0.323,84.07648,84.20128,188.7431,111.4224,147.8723,68.98232,101.5286,105.8597
0.324,84.21877,84.2359,189.4061,111.1115,148.3413,69.70373,102.8746,105.8052
0.325,84.35666,84.2683,190.0561,110.8063,148.8058,70.4285,104.2509,105.7551
0.326,84.48984,84.29851,190.693,110.5068,149.2643,71.1567,105.6528,105.7093
0.327,84.61803,84.32658,191.3165,110.2133,149.7151,71.88841,107.0752,105.6676
0.328,84.74094,84.35254,191.9262,109.926,150.1568,72.62372,108.5127,105.6298
0.329,84.85833,84.37647,192.522,109.6451,150.5878,73.36278,109.9595,105.5959
0.33,84.96996,84.39842,193.1038,109.3709,151.0068,74.10577,111.4095,105.5657
0.331,85.07561,84.41847,193.6714,109.1038,151.4124,74.85287,112.8569,105.539
0.332,85.17511,84.43671,194.2248,108.844,151.8031,75.60432,114.2953,105.5157
0.333,85.26829,84.45324,194.7637,108.5919,152.1776,76.36036,115.7186,105.4957
0.334,85.35502,84.46817,195.2883,108.3479,152.5346,77.12125,117.121,105.4788
0.335,85.43518,84.4816,195.7984,108.1124,152.8729,77.8873,118.4965,105.465
0.336,85.50871,84.49367,196.2941,107.8858,153.1912,78.6588,119.8396,105.4541
0.337,85.57555,84.50452,196.7754,107.6686,153.4884,79.43607,121.1452,105.4459
0.338,85.63568,84.5143,197.2424,107.4612,153.7632,80.21945,122.4085,105.4405
0.339,85.68911,84.52315,197.695,107.2641,154.0146,81.00926,123.625,105.4376
0.34,85.73588,84.53124,198.1334,107.0778,154.2415,81.80586,124.791,105.4372
0.341,85.77607,84.53871,198.5576,106.9028,154.4428,82.60958,125.9031,105.4392
0.342,85.80976,84.54574,198.9677,106.7394,154.6176,83.42076,126.9586,105.4435
0.343,85.8371,84.55247,199.3637,106.5882,154.765,84.23973,127.9551,105.4499
0.344,85.85821,84.55905,199.7458,106.4496,154.884,85.06679,128.891,105.4583
0.345,85.87328,84.56564,200.1138,106.3239,154.9738,85.90225,129.765,105.4686
0.346,85.8825,84.57236,200.468,106.2117,155.0337,86.74638,130.5767,105.4806
0.347,85.88608,84.57933,200.8082,106.1132,155.0629,87.59944,131.326,105.4942
0.348,85.88424,84.58668,201.1346,106.0287,155.0609,88.46165,132.0133,105.509
0.349,85.87724,84.59449,201.447,105.9585,155.0269,89.3332,132.6397,105.525
0.35,85.86533,84.60285,201.7454,105.9029,154.9607,90.21423,133.2067,105.5418
0.351,85.84877,84.61183,202.0298,105.862,154.8616,91.10488,133.7162,105.5592
0.352,85.82784,84.62148,202.3002,105.836,154.7295,92.00522,134.1706,105.5769
0.353,85.80283,84.63183,202.5564,105.825,154.5641,92.91527,134.5725,105.5946
0.354,85.77402,84.64289,202.7984,105.8289,154.3653,93.83504,134.9249,105.612
0.355,85.74171,84.65467,203.0262,105.8479,154.1329,94.76446,135.2308,105.6288
0.356,85.7062,84.66715,203.2396,105.8817,153.8671,95.70344,135.4937,105.6445
0.357,85.6678,84.68029,203.4386,105.9304,153.568,96.65183,135.7168,105.6589
0.358,85.62681,84.69404,203.6231,105.9938,153.2358,97.60944,135.9036,105.6715
0.359,85.58354,84.70835,203.7932,106.0716,152.8708,98.57604,136.0574,105.682
0.36,85.53829,84.72313,203.9488,106.1636,152.4734,99.55134,136.1818,105.6901
0.361,85.49136,84.7383,204.0898,106.2695,152.0441,100.535,136.2798,105.6954
0.362,85.44307,84.75376,204.2164,106.389,151.5834,101.5268,136.3547,105.6975
0.363,85.39369,84.76939,204.3284,106.5218,151.0919,102.5262,136.4094,105.6962
0.364,85.34352,84.7851,204.4261,106.6674,150.5704,103.5329,136.4467,105.6911
0.365,85.29283,84.80075,204.5094,106.8255,150.0195,104.5465,136.4691,105.6821
0.366,85.24191,84.81622,204.5785,106.9957,149.44,105.5664,136.479,105.6688
0.367,85.19102,84.8314,204.6334,107.1775,148.8328,106.5923,136.4784,105.6511
0.368,85.1404,84.84616,204.6745,107.3705,148.1987,107.6236,136.4693,105.6288
0.369,85.09031,84.86037,204.7018,107.5743,147.5386,108.6598,136.4531,105.6019
0.37,85.04098,84.87392,204.7155,107.7884,146.8535,109.7004,136.4315,105.5702
0.371,84.99263,84.8867,204.716,108.0124,146.1444,110.745,136.4056,105.5338
0.372,84.94547,84.89861,204.7034,108.2459,145.4122,111.7929,136.3764,105.4927
0.373,84.8997,84.90956,204.6781,108.4884,144.6579,112.8436,136.345,105.447
0.374,84.85553,84.91944,204.6404,108.7396,143.8826,113.8966,136.312,105.3967
0.375,84.81312,84.9282,204.5906,108.9991,143.0874,114.9515,136.2782,105.3422
0.376,84.77264,84.93577,204.5291,109.2665,142.2733,116.0075,136.244,105.2836
0.377,84.73424,84.94209,204.4564,109.5415,141.4414,117.0642,136.2098,105.2211
0.378,84.69806,84.94711,204.3727,109.8237,140.5927,118.1211,136.1758,105.1553
0.379,84.66424,84.9508,204.2785,110.1128,139.7284,119.1777,136.1422,105.0863
0.38,84.63287,84.95313,204.1743,110.4085,138.8495,120.2334,136.1091,105.0147
0.381,84.60406,84.95407,204.0605,110.7105,137.9571,121.2877,136.0762,104.9409
0.382,84.57789,84.95362,203.9374,111.0186,137.0523,122.3402,136.0435,104.8654
0.383,84.55444,84.95178,203.8056,111.3324,136.136,123.3904,136.0107,104.7889
0.384,84.53377,84.94854,203.6654,111.6517,135.2093,124.4377,135.9775,104.7119
0.385,84.51592,84.94392,203.5173,111.9764,134.2732,125.4817,135.9435,104.635
0.386,84.50094,84.93794,203.3617,112.306,133.3287,126.5219,135.9084,104.5589
0.387,84.48884,84.93062,203.199,112.6405,132.3766,127.5578,135.8717,104.4842
0.388,84.47964,84.92198,203.0295,112.9796,131.4179,128.589,135.833,104.4115
0.389,84.47333,84.91207,202.8538,113.3231,130.4535,129.615,135.792,104.3416
0.39,84.46991,84.9009,202.672,113.6707,129.4841,130.6352,135.7481,104.2751
0.391,84.46934,84.88853,202.4846,114.0223,128.5105,131.6491,135.7011,104.2127
0.392,84.4716,84.87498,202.2918,114.3775,127.5335,132.6562,135.6506,104.1548
0.393,84.47663,84.8603,202.0939,114.7362,126.5537,133.6559,135.5963,104.1021
0.394,84.48437,84.84452,201.8912,115.0982,125.5718,134.6477,135.538,104.0551
0.395,84.49475,84.82769,201.6839,115.4631,124.5884,135.6308,135.4755,104.0142
0.396,84.50769,84.80985,201.472,115.8307,123.604,136.6048,135.4085,103.9799
0.397,84.52311,84.79104,201.2559,116.2008,122.619,137.569,135.3371,103.9524
0.398,84.5409,84.7713,201.0357,116.573,121.6339,138.5227,135.261,103.9321
0.399,84.56095,84.75067,200.8113,116.9472,120.649,139.4652,135.1802,103.9192
0.4,84.58316,84.72919,200.583,117.3231,119.6647,140.3958,135.0947,103.9138
0.401,84.60739,84.70691,200.3506,117.7003,118.6813,141.3139,135.0046,103.9159
0.402,84.63353,84.68386,200.1143,118.0787,117.6989,142.2187,134.9098,103.9256
0.403,84.66144,84.66008,199.8739,118.4578,116.7177,143.1095,134.8104,103.9426
0.404,84.69099,84.63559,199.6296,118.8375,115.738,143.9856,134.7066,103.9669
0.405,84.72204,84.61044,199.3811,119.2174,114.7597,144.8463,134.5984,103.9983
0.406,84.75444,84.58465,199.1283,119.5973,113.7829,145.6909,134.486,104.0364
0.407,84.78807,84.55825,198.8712,119.9768,112.8076,146.5188,134.3696,104.0809
0.408,84.82278,84.53127,198.6097,120.3558,111.8339,147.3291,134.2492,104.1314
0.409,84.85843,84.50373,198.3435,120.734,110.8617,148.1214,134.1251,104.1876
0.41,84.89488,84.47566,198.0726,121.111,109.891,148.8948,133.9974,104.2489
0.411,84.93201,84.44707,197.7968,121.4867,108.9217,149.6489,133.8664,104.315
0.412,84.96968,84.418,197.516,121.8607,107.9538,150.3831,133.7321,104.3853
0.413,85.00777,84.38846,197.2299,122.2329,106.9872,151.0967,133.5948,104.4593
0.414,85.04614,84.35847,196.9384,122.603,106.0218,151.7892,133.4547,104.5366
0.415,85.0847,84.32806,196.6414,122.9707,105.0576,152.4602,133.3119,104.6168
0.416,85.12331,84.29723,196.3388,123.3359,104.0945,153.1092,133.1665,104.6993
0.417,85.16187,84.266,196.0304,123.6982,103.1325,153.7357,133.0187,104.7838
0.418,85.20029,84.2344,195.716,124.0577,102.1714,154.3393,132.8686,104.8698
0.419,85.23846,84.20243,195.3956,124.4139,101.2112,154.9197,132.7163,104.9569
0.42,85.27629,84.17012,195.0689,124.7668,100.2519,155.4766,132.562,105.0448
0.421,85.3137,84.13748,194.736,125.1162,99.29351,156.0096,132.4057,105.1331
0.422,85.35061,84.10451,194.3967,125.4619,98.33587,156.5186,132.2475,105.2216
0.423,85.38694,84.07123,194.0508,125.8038,97.379,157.0033,132.0874,105.3099
0.424,85.42263,84.03764,193.6983,126.1418,96.42286,157.4636,131.9254,105.3978
0.425,85.4576,84.00376,193.339,126.4758,95.46741,157.8995,131.7617,105.4852
0.426,85.49179,83.96957,192.9729,126.8056,94.51265,158.3109,131.5962,105.5718
0.427,85.52514,83.93507,192.5998,127.1313,93.55855,158.6978,131.4288,105.6576
0.428,85.55759,83.90027,192.2196,127.4527,92.6051,159.0603,131.2597,105.7423
0.429,85.58908,83.86514,191.8322,127.7697,91.6523,159.3986,131.0888,105.826
0.43,85.61957,83.82968,191.4375,128.0825,90.70015,159.7128,130.916,105.9086
0.431,85.649,83.79388,191.0353,128.391,89.74866,160.0033,130.7413,105.9901
0.432,85.67732,83.75772,190.6257,128.6952,88.79787,160.2702,130.5648,106.0704
0.433,85.70449,83.72118,190.2084,128.9952,87.8478,160.5141,130.3863,106.1497
0.434,85.73048,83.68425,189.7833,129.2911,86.8985,160.7353,130.2059,106.2281
0.435,85.75523,83.6469,189.3504,129.5829,85.95004,160.9343,130.0236,106.3055
0.436,85.77873,83.60913,188.9095,129.8707,85.00249,161.1116,129.8392,106.3822
0.437,85.80094,83.5709,188.4606,130.1548,84.05594,161.2679,129.6529,106.4584
0.438,85.82183,83.5322,188.0035,130.4352,83.11051,161.4038,129.4645,106.5341
0.439,85.84138,83.49301,187.5383,130.7122,82.1663,161.5199,129.2742,106.6097
0.44,85.85957,83.45333,187.0647,130.9858,81.22347,161.6169,129.0818,106.6853
0.441,85.87638,83.41313,186.5828,131.2564,80.28218,161.6956,128.8876,106.7613
0.442,85.89181,83.3724,186.0924,131.5241,79.34261,161.7567,128.6914,106.8378
0.443,85.90585,83.33114,185.5936,131.7892,78.40495,161.8011,128.4933,106.9153
0.444,85.91849,83.28933,185.0862,132.0519,77.46941,161.8295,128.2934,106.9939
0.445,85.92972,83.24697,184.5701,132.3126,76.53624,161.8428,128.0917,107.0741
0.446,85.93956,83.20405,184.0455,132.5714,75.60569,161.8419,127.8884,107.156
0.447,85.94802,83.16057,183.5121,132.8286,74.67801,161.8276,127.6835,107.2402
0.448,85.95509,83.11655,182.97,133.0846,73.75351,161.8008,127.4771,107.3268
0.449,85.9608,83.07197,182.4192,133.3396,72.83248,161.7625,127.2694,107.4162
0.45,85.96517,83.02686,181.8595,133.594,71.91524,161.7134,127.0605,107.5086
0.451,85.96822,82.98122,181.2911,133.8481,71.00212,161.6546,126.8506,107.6042
0.452,85.96997,82.93508,180.7139,134.1022,70.09348,161.5868,126.6397,107.7034
0.453,85.97046,82.88846,180.1279,134.3567,69.18968,161.511,126.428,107.8062
0.454,85.96972,82.84139,179.5331,134.612,68.29108,161.428,126.2158,107.9128
0.455,85.96779,82.79388,178.9296,134.8683,67.39809,161.3387,126.0032,108.0232
0.456,85.96469,82.74599,178.3174,135.1261,66.51108,161.244,125.7903,108.1375
0.457,85.96048,82.69774,177.6966,135.3857,65.63046,161.1445,125.5773,108.2555
0.458,85.95519,82.64917,177.0672,135.6475,64.75665,161.0412,125.3644,108.377
0.459,85.94887,82.60033,176.4293,135.9119,63.89005,160.9346,125.1517,108.5019
0.46,85.94155,82.55126,175.783,136.1791,63.0311,160.8255,124.9395,108.6297
0.461,85.93328,82.50202,175.1284,136.4497,62.18021,160.7145,124.7278,108.76
0.462,85.9241,82.45265,174.4656,136.7238,61.33782,160.6023,124.5167,108.892
0.463,85.91405,82.40322,173.7948,137.0019,60.50436,160.4892,124.3065,109.0251
0.464,85.90318,82.35377,173.1161,137.2843,59.68024,160.3757,124.0973,109.1583
0.465,85.89152,82.30436,172.4297,137.5714,58.8659,160.2622,123.8891,109.2905
0.466,85.87912,82.25507,171.7357,137.8634,58.06176,160.1489,123.682,109.4206
0.467,85.86602,82.20593,171.0344,138.1606,57.26823,160.0361,123.4761,109.5471
0.468,85.85226,82.15702,170.3258,138.4632,56.48572,159.9239,123.2714,109.6684
0.469,85.83788,82.1084,169.6103,138.7716,55.71463,159.8122,123.068,109.7828
0.47,85.8229,82.06011,168.888,139.0859,54.95535,159.7009,122.8658,109.8884
0.471,85.80735,82.0122,168.1591,139.4063,54.20827,159.5899,122.6648,109.9831
0.472,85.79126,81.96473,167.4238,139.733,53.47375,159.4787,122.4649,110.0647
0.473,85.77465,81.91773,166.6824,140.0659,52.75214,159.367,122.2662,110.1306
0.474,85.75752,81.87123,165.9349,140.4051,52.04378,159.2542,122.0683,110.1785
0.475,85.7399,81.82526,165.1816,140.7507,51.349,159.1397,121.8713,110.2056
0.476,85.72177,81.77983,164.4227,141.1025,50.66811,159.0226,121.675,110.2092
0.477,85.70313,81.73494,163.6584,141.4604,50.0014,158.9023,121.4792,110.1866
0.478,85.68398,81.69059,162.8887,141.8243,49.34915,158.7776,121.2838,110.1348
0.479,85.66429,81.64676,162.1139,142.1938,48.71162,158.6476,121.0885,110.0512
0.48,85.64406,81.60343,161.3341,142.5688,48.08907,158.5113,120.8932,109.933
0.481,85.62326,81.56054,160.5494,142.9487,47.48172,158.3675,120.6978,109.7777
0.482,85.60187,81.51807,159.7599,143.3333,46.8898,158.2151,120.5019,109.5829
0.483,85.57986,81.47595,158.9656,143.7219,46.31351,158.053,120.3055,109.3468
0.484,85.55721,81.4341,158.1667,144.1142,45.75304,157.8801,120.1084,109.0681
