pt1_cam1_X,pt1_cam1_Y,pt2_cam1_X,pt2_cam1_Y,pt3_cam1_X,pt3_cam1_Y,pt4_cam1_X,pt4_cam1_Y
908.538077,353.688173,935.394873,207.413772,852.670241,109.161433,871.852054,77.643340
909.000000,354.000000,935.000000,207.000000,853.000000,109.000000,872.000000,78.000000
909.000000,354.000000,935.000000,207.000000,853.000000,109.000000,872.000000,78.000000
909.000000,354.000000,935.000000,207.000000,853.000000,109.000000,872.000000,78.000000
909.000000,354.000000,935.000000,207.000000,853.000000,109.000000,872.000000,78.000000
908.810000,354.000000,933.370000,206.920000,850.530000,109.260000,869.330000,78.000000
908.750000,353.990000,931.930000,206.760000,848.210000,109.470000,866.660000,78.020000
908.600000,353.980000,929.960000,206.570000,845.730000,110.070000,863.880000,78.080000
908.320000,353.900000,928.070000,205.910000,843.000000,110.340000,860.950000,78.170000
908.070000,353.890000,926.230000,205.770000,840.440000,110.900000,858.180000,78.220000
907.970000,353.830000,924.320000,205.190000,838.060000,111.150000,855.370000,78.250000
907.850000,353.770000,922.630000,205.040000,835.730000,111.450000,852.760000,78.260000
907.760000,353.660000,921.030000,204.910000,833.110000,112.110000,849.880000,78.300000
907.650000,353.550000,919.190000,204.890000,830.950000,112.800000,847.010000,78.370000
907.550000,353.250000,917.370000,204.710000,828.530000,113.090000,844.170000,78.470000
907.250000,353.160000,915.800000,204.730000,825.960000,113.330000,841.400000,78.560000
907.180000,353.070000,913.930000,204.610000,823.590000,114.060000,838.610000,78.540000
907.110000,352.990000,912.000000,204.390000,821.220000,114.810000,835.730000,78.680000
907.040000,352.900000,910.110000,204.040000,819.000000,115.390000,832.930000,78.730000
907.010000,352.760000,908.230000,203.990000,816.800000,115.790000,830.070000,78.860000
906.980000,352.600000,906.270000,203.970000,814.590000,116.130000,827.090000,78.890000
906.960000,352.250000,904.440000,203.980000,811.980000,116.430000,824.320000,79.050000
906.820000,352.140000,902.830000,204.010000,809.620000,117.190000,821.650000,79.200000
906.850000,351.950000,900.780000,203.900000,807.390000,117.840000,818.770000,79.260000
906.840000,351.900000,898.710000,203.910000,805.150000,118.200000,815.900000,79.260000
906.840000,351.620000,896.670000,204.060000,803.020000,118.880000,812.930000,79.470000
906.850000,351.350000,894.800000,204.060000,800.820000,119.270000,810.120000,79.440000
906.900000,351.190000,892.730000,204.220000,798.750000,119.890000,807.250000,79.570000
906.950000,351.050000,890.780000,204.240000,796.342077,120.004134,804.300000,79.660000
906.990000,350.900000,888.750000,204.630000,794.382264,120.107792,801.470000,79.770000
907.020000,350.740000,886.910000,205.060000,792.464598,120.531848,798.730000,79.950000
907.130000,350.530000,884.870000,205.260000,790.399420,120.673199,795.900000,80.000000
907.170000,350.100000,882.900000,205.770000,787.449164,121.568428,792.940000,80.200000
907.390000,349.940000,881.030000,206.080000,785.552572,122.369422,790.130000,80.460000
907.580000,349.880000,879.030000,206.450000,783.466320,122.501350,787.230000,80.680000
907.800000,349.640000,877.170000,207.090000,781.485434,123.387155,784.430000,80.900000
907.990000,349.240000,875.060000,207.800000,779.230596,124.404888,781.660000,81.110000
908.140000,349.110000,873.170000,208.420000,777.090000,124.680000,778.790000,81.460000
908.290000,348.980000,870.870000,209.480000,775.210000,124.970000,775.860000,81.750000
908.570000,348.840000,869.360000,209.940000,774.366328,125.479162,772.990000,82.140000
908.890000,348.630000,867.760000,211.050000,772.420000,125.760000,770.020000,82.510000
909.080000,348.230000,865.550000,211.970000,770.640000,126.090000,767.190000,83.000000
909.320000,348.120000,863.370000,212.710000,768.820000,126.620000,764.290000,83.480000
909.770000,348.010000,861.750000,213.130000,766.980000,127.230000,761.530000,84.130000
910.070000,347.830000,860.040000,214.160000,765.413725,127.707614,758.680000,84.690000
910.300000,347.680000,858.210000,215.060000,763.460070,128.320918,755.950000,85.560000
910.760000,347.500000,856.190000,216.070000,761.620000,128.950000,753.060000,86.260000
911.030000,347.250000,854.510000,216.940000,759.970000,129.810000,750.420000,87.240000
911.300000,347.170000,853.030000,218.080000,759.386275,131.447999,747.820000,88.020000
911.740000,347.020000,851.010000,219.110000,757.950000,132.420000,745.230000,89.280000
911.990000,346.880000,849.300000,220.080000,755.768882,133.483959,742.760000,90.370000
912.310000,346.690000,847.990000,221.240000,754.630650,134.690196,740.260000,91.570000
912.840000,346.620000,846.510000,222.260000,753.430000,136.030000,737.950000,92.770000
913.100000,346.510000,844.810000,223.330000,752.130000,137.110000,735.700000,94.090000
913.390000,346.230000,843.180000,224.410000,750.890000,138.240000,733.330000,95.610000
913.890000,346.100000,841.930000,225.530000,749.660000,139.400000,731.230000,97.030000
914.150000,345.980000,840.700000,227.030000,748.080000,141.090000,729.230000,98.600000
914.400000,345.930000,839.140000,228.020000,746.990000,142.800000,727.370000,100.010000
914.860000,345.860000,838.110000,229.020000,745.610000,144.010000,725.550000,101.440000
915.080000,345.810000,836.990000,230.130000,743.950000,145.180000,723.860000,102.930000
915.280000,345.620000,836.100000,231.110000,742.200000,146.390000,722.020000,104.420000
915.550000,345.360000,835.180000,232.060000,740.770000,148.090000,720.160000,106.120000
915.980000,345.270000,834.390000,233.090000,739.570000,149.890000,718.240000,107.710000
916.180000,345.200000,833.890000,233.980000,738.160000,151.680000,716.760000,109.440000
916.350000,345.160000,833.120000,234.980000,736.820000,153.100000,715.110000,111.200000
916.800000,345.080000,832.430000,235.950000,735.170000,154.940000,713.580000,112.970000
917.010000,345.020000,831.970000,236.910000,733.920000,156.810000,712.140000,114.720000
917.210000,344.970000,831.340000,237.780000,732.560000,158.700000,710.780000,116.530000
917.430000,344.910000,831.020000,238.650000,730.900000,160.450000,709.240000,118.300000
917.770000,344.870000,830.730000,239.520000,729.050000,161.990000,707.890000,120.160000
917.910000,344.840000,830.060000,239.960000,727.300000,163.890000,706.450000,122.020000
918.070000,344.830000,829.350000,240.330000,725.950000,165.870000,704.910000,123.860000
918.260000,344.820000,829.090000,241.160000,724.520000,167.850000,703.340000,125.800000
918.260000,344.820000,829.110000,241.560000,724.447496,167.937361,703.280000,125.820000
918.440000,344.740000,828.810000,242.000000,722.660000,169.610000,701.810000,127.840000
918.800000,344.650000,828.480000,242.490000,720.840000,171.740000,700.110000,129.810000
918.990000,344.650000,827.960000,243.210000,719.160000,173.990000,698.300000,131.800000
919.070000,344.620000,827.270000,243.990000,717.600000,175.850000,696.580000,134.030000
919.270000,344.620000,827.100000,244.650000,716.170000,177.860000,694.810000,136.200000
919.410000,344.680000,826.910000,245.050000,714.950000,179.970000,692.910000,138.470000
919.750000,344.730000,826.710000,245.790000,713.690000,181.980000,691.010000,140.720000
919.850000,344.830000,826.460000,246.140000,712.150000,183.940000,689.070000,143.170000
919.940000,344.920000,825.920000,246.800000,710.920000,186.000000,687.130000,145.480000
919.960000,345.030000,825.400000,246.970000,709.820000,188.010000,685.230000,148.120000
920.050000,345.130000,825.240000,247.290000,708.700000,190.070000,683.230000,150.620000
920.140000,345.230000,825.070000,247.790000,707.610000,192.120000,681.350000,153.410000
920.230000,345.340000,825.000000,247.960000,706.520000,194.170000,679.380000,156.040000
920.330000,345.450000,824.930000,248.110000,705.110000,196.140000,677.370000,158.790000
920.410000,345.850000,824.940000,248.160000,704.070000,198.240000,675.460000,161.640000
920.510000,346.030000,824.950000,248.230000,703.080000,200.270000,673.730000,164.610000
920.720000,346.180000,824.970000,248.190000,702.080000,202.410000,671.910000,167.420000
920.760000,346.370000,824.970000,248.150000,701.210000,204.990000,670.200000,170.440000
920.820000,346.730000,824.970000,248.110000,700.190000,207.010000,668.520000,173.360000
920.820000,346.930000,824.970000,248.070000,699.340000,209.160000,667.050000,176.350000
920.830000,347.020000,824.900000,247.940000,698.440000,211.330000,665.600000,179.360000
920.840000,347.300000,824.870000,247.860000,697.880000,213.690000,664.050000,182.410000
920.830000,347.790000,824.850000,247.760000,697.060000,216.180000,662.830000,185.640000
920.890000,347.950000,824.790000,247.710000,697.469959,218.420344,661.580000,188.840000
920.940000,348.090000,824.710000,247.660000,697.020000,220.960000,660.290000,191.860000
920.920000,348.270000,824.710000,247.540000,696.250000,223.050000,659.320000,195.210000
920.910000,348.480000,824.760000,247.140000,695.540000,225.150000,658.300000,198.390000
920.910000,348.940000,824.680000,247.140000,694.820000,227.310000,657.570000,201.590000
920.920000,349.220000,824.670000,247.150000,694.070000,229.460000,656.730000,204.810000
920.910000,349.630000,824.620000,247.010000,693.440000,232.190000,655.990000,208.040000
920.910000,349.830000,824.500000,246.970000,693.350000,235.080000,655.370000,211.320000
920.900000,350.000000,824.110000,246.960000,693.280000,237.970000,654.950000,214.650000
920.860000,350.230000,824.100000,246.940000,693.300000,240.820000,654.440000,217.910000
920.800000,350.520000,824.090000,246.870000,693.250000,243.630000,654.180000,221.300000
920.730000,350.950000,824.080000,246.880000,693.250000,245.840000,653.880000,224.580000
920.710000,351.120000,824.110000,246.820000,693.190000,248.060000,653.650000,227.880000
920.690000,351.300000,824.110000,246.840000,693.200000,250.210000,653.520000,231.340000
920.580000,351.450000,824.090000,246.750000,693.240000,252.420000,653.470000,234.600000
920.260000,351.800000,824.060000,246.670000,693.480000,255.220000,653.450000,238.100000
920.170000,352.070000,824.060000,246.640000,694.230000,258.100000,653.420000,241.450000
920.080000,352.360000,824.050000,246.620000,695.070000,261.000000,653.670000,245.100000
920.040000,352.640000,824.090000,246.570000,695.990000,263.830000,654.000000,248.610000
920.010000,352.740000,824.140000,246.510000,696.869144,266.491161,654.220000,252.090000
919.930000,352.850000,824.230000,246.210000,698.000000,268.850000,654.700000,255.710000
919.850000,352.950000,824.230000,246.210000,698.850000,271.050000,655.100000,259.160000
919.810000,353.220000,824.400000,246.010000,699.700000,273.270000,655.760000,262.550000
919.810000,353.220000,824.680000,245.990000,700.660000,275.450000,656.210000,266.180000
919.670000,353.310000,824.780000,245.880000,701.740000,278.160000,657.020000,269.590000
919.320000,353.540000,824.880000,245.770000,702.870000,280.890000,657.940000,273.070000
919.160000,353.710000,824.970000,245.640000,703.930000,283.290000,658.790000,276.400000
919.040000,353.860000,825.130000,245.590000,704.910000,285.640000,659.780000,279.870000
918.980000,353.910000,825.320000,245.530000,705.950000,287.760000,660.800000,283.100000
918.720000,353.910000,825.820000,245.130000,706.960000,289.890000,661.940000,286.460000
918.580000,353.920000,825.950000,245.060000,708.060000,292.000000,663.020000,289.660000
918.260000,353.960000,826.100000,244.930000,709.150000,294.040000,664.280000,292.830000
918.150000,354.000000,826.300000,244.760000,710.250000,296.090000,665.740000,296.000000
917.960000,354.050000,826.480000,244.660000,711.390000,298.100000,667.100000,299.060000
917.770000,354.110000,826.970000,244.440000,713.200000,300.150000,668.540000,302.150000
917.560000,354.100000,827.210000,244.050000,715.070000,302.200000,670.070000,305.210000
917.160000,354.100000,827.490000,243.920000,716.950000,304.200000,671.770000,308.110000
916.970000,354.110000,828.020000,243.660000,718.830000,306.150000,673.280000,310.870000
916.780000,354.100000,828.230000,243.150000,720.750000,308.120000,675.070000,313.610000
916.690000,354.110000,828.730000,242.980000,722.630000,310.020000,676.840000,316.330000
916.470000,354.100000,828.920000,242.810000,723.735850,312.171174,678.760000,319.020000
916.090000,354.050000,829.050000,242.640000,725.160000,313.850000,680.510000,321.560000
915.910000,354.000000,829.320000,242.140000,727.130000,315.540000,682.380000,324.090000
915.730000,353.920000,829.840000,241.940000,729.170000,317.000000,684.180000,326.090000
915.520000,353.830000,830.060000,241.780000,731.050000,318.650000,686.180000,328.450000
915.200000,353.810000,830.320000,241.430000,732.990000,320.020000,688.190000,330.710000
915.030000,353.750000,830.950000,240.960000,734.980000,321.250000,690.190000,332.790000
914.890000,353.710000,831.110000,240.790000,736.890000,322.930000,692.210000,334.810000
914.740000,353.590000,831.310000,240.580000,738.850000,324.370000,694.280000,336.800000
914.570000,353.290000,831.950000,239.990000,740.800000,325.740000,696.280000,338.820000
914.230000,353.170000,832.260000,239.510000,742.830000,326.900000,698.400000,340.670000
914.090000,353.050000,832.900000,239.210000,744.740000,328.020000,700.520000,342.540000
914.040000,352.940000,833.040000,239.030000,746.780000,329.140000,702.850000,344.380000
914.000000,352.820000,833.330000,238.840000,748.780000,330.270000,704.890000,346.100000
913.960000,352.770000,833.960000,238.650000,750.710000,331.300000,707.100000,347.550000
913.730000,352.460000,834.490000,238.110000,752.850000,332.340000,709.290000,349.370000
913.630000,352.130000,834.900000,237.960000,754.850000,333.380000,711.520000,350.890000
913.600000,351.980000,835.250000,237.630000,756.840000,334.400000,713.860000,352.450000
913.450000,351.920000,835.920000,237.140000,758.870000,335.300000,716.060000,353.920000
913.280000,351.720000,836.490000,236.790000,760.880000,336.270000,718.290000,355.410000
913.280000,351.480000,836.920000,236.320000,762.860000,337.150000,720.710000,356.590000
913.290000,351.110000,837.330000,236.140000,764.900000,338.080000,722.920000,357.910000
913.280000,350.990000,837.930000,235.920000,766.920000,338.970000,725.220000,359.160000
913.280000,350.870000,838.470000,235.610000,768.910000,339.820000,727.730000,360.540000
913.280000,350.660000,839.090000,235.090000,770.960000,340.480000,730.250000,361.870000
913.290000,350.260000,839.720000,234.800000,773.000000,340.950000,732.580000,362.860000
913.310000,350.110000,840.180000,234.270000,775.080000,341.250000,734.730000,363.710000
913.340000,349.980000,840.930000,233.880000,777.130000,342.010000,736.960000,364.610000
913.340000,349.780000,841.770000,233.210000,779.170000,342.660000,739.540000,365.680000
913.480000,349.550000,842.270000,233.030000,781.170000,342.970000,742.010000,366.640000
913.810000,349.130000,842.910000,232.680000,783.140000,343.130000,744.140000,367.310000
913.910000,348.930000,843.770000,232.210000,785.230000,343.340000,746.620000,368.110000
913.920000,348.800000,844.420000,231.820000,787.300000,343.990000,748.990000,368.870000
914.040000,348.690000,845.020000,231.120000,789.370000,344.640000,751.330000,369.630000
914.140000,348.410000,845.780000,230.610000,791.350000,344.780000,753.820000,370.310000
914.240000,348.030000,846.600000,230.240000,793.400000,344.850000,756.180000,371.030000
914.460000,347.890000,847.150000,229.920000,795.530000,344.890000,758.660000,371.560000
914.830000,347.680000,847.980000,229.450000,798.130000,344.960000,760.900000,372.050000
914.970000,347.280000,848.840000,228.910000,800.800000,344.950000,763.200000,372.380000
915.100000,347.080000,849.740000,228.180000,802.840000,344.950000,765.480000,372.880000
915.240000,346.900000,850.520000,227.670000,804.850000,344.970000,767.900000,373.100000
915.460000,346.880000,851.130000,227.230000,806.840000,344.990000,770.180000,373.360000
915.720000,346.690000,851.940000,226.760000,808.840000,344.960000,772.370000,373.580000
915.860000,346.420000,852.990000,226.130000,810.860000,344.970000,774.780000,373.750000
916.060000,346.070000,853.760000,225.850000,812.850000,344.890000,776.970000,373.810000
916.240000,345.890000,854.820000,225.110000,814.910000,344.880000,779.130000,373.910000
916.430000,345.760000,855.820000,224.380000,816.697215,344.736129,781.190000,373.860000
916.840000,345.590000,856.780000,223.890000,818.980000,344.900000,783.350000,373.780000
917.020000,345.250000,857.630000,223.280000,820.860000,344.680000,785.330000,373.760000
917.170000,345.070000,858.650000,222.860000,822.810000,344.410000,787.330000,373.760000
917.330000,344.910000,859.680000,222.110000,824.810000,343.900000,789.330000,373.420000
917.530000,344.780000,860.730000,221.360000,826.860000,343.080000,791.320000,373.170000
917.860000,344.640000,861.810000,220.990000,828.910000,342.390000,793.270000,372.920000
918.050000,344.380000,862.840000,220.500000,830.700000,342.050000,795.130000,372.600000
918.240000,344.030000,863.870000,219.840000,832.250000,341.880000,797.090000,372.190000
918.370000,343.910000,865.110000,219.200000,833.670000,341.680000,798.870000,371.810000
918.710000,343.770000,866.170000,218.680000,834.940000,341.070000,800.570000,371.440000
918.850000,343.610000,867.420000,218.000000,836.050000,340.890000,802.090000,371.030000
919.030000,343.280000,868.840000,217.120000,837.210000,340.630000,803.710000,370.600000
919.160000,343.110000,870.000000,216.590000,838.680000,339.910000,805.220000,370.090000
919.300000,342.930000,871.290000,216.130000,840.320000,339.080000,806.780000,369.520000
919.440000,342.810000,872.690000,215.540000,842.140000,338.140000,808.180000,369.050000
919.810000,342.620000,874.050000,214.840000,843.980000,337.230000,809.680000,368.350000
919.960000,342.240000,875.550000,214.240000,845.870000,336.230000,811.010000,367.760000
920.080000,342.110000,877.050000,213.860000,847.690000,335.170000,812.310000,367.060000
920.200000,341.990000,878.670000,213.070000,849.330000,334.150000,813.690000,366.560000
920.420000,341.860000,880.170000,212.320000,850.690000,333.150000,814.820000,365.910000
920.800000,341.820000,881.850000,211.980000,851.890000,332.280000,815.940000,365.210000
920.900000,341.620000,883.270000,211.600000,852.800000,331.290000,816.960000,364.480000
920.990000,341.230000,885.060000,210.960000,853.860000,330.460000,817.970000,363.760000
921.080000,341.110000,886.910000,210.290000,854.330000,330.130000,818.960000,363.020000
921.190000,341.000000,888.680000,210.030000,854.550000,330.090000,819.730000,362.230000
921.400000,340.860000,890.340000,209.510000,854.610000,329.970000,820.330000,361.470000
921.770000,340.820000,892.190000,209.060000,854.820000,329.710000,820.980000,360.720000
921.980000,340.630000,894.040000,208.840000,855.040000,328.930000,821.480000,359.760000
922.170000,340.290000,895.930000,208.470000,855.320000,328.180000,822.060000,358.870000
922.170000,340.140000,897.930000,208.060000,856.140000,327.240000,822.370000,357.900000
922.300000,340.040000,899.930000,207.660000,857.100000,326.240000,822.580000,357.060000
922.430000,339.940000,902.030000,207.190000,857.990000,325.310000,822.790000,355.910000
922.780000,339.820000,904.070000,206.960000,858.840000,324.300000,822.930000,354.670000
922.960000,339.640000,906.030000,206.760000,859.590000,323.220000,822.940000,353.720000
923.090000,339.270000,907.910000,206.810000,859.870000,322.490000,822.910000,352.570000
923.210000,339.160000,909.770000,206.670000,859.770000,322.140000,822.720000,351.110000
923.330000,339.130000,911.930000,206.580000,859.710000,321.800000,822.460000,349.680000
923.420000,339.130000,914.090000,206.200000,859.800000,320.970000,822.100000,348.320000
923.770000,339.090000,916.180000,206.200000,859.930000,320.130000,821.890000,346.900000
923.870000,339.020000,918.350000,206.280000,860.030000,319.230000,821.600000,345.190000
923.990000,339.000000,920.510000,206.270000,860.110000,318.340000,821.090000,343.350000
924.150000,338.910000,922.890000,206.200000,860.120000,317.480000,820.770000,341.540000
924.350000,338.910000,924.910000,206.280000,860.110000,316.930000,820.150000,339.780000
924.760000,338.900000,927.070000,206.230000,860.130000,315.960000,819.800000,337.850000
924.830000,338.910000,929.190000,206.360000,860.190000,314.990000,819.140000,335.830000
924.960000,338.810000,931.190000,206.590000,860.210000,313.990000,818.800000,333.650000
925.050000,338.740000,933.000000,207.070000,860.250000,313.000000,818.190000,331.420000
925.180000,338.590000,935.240000,207.200000,860.180000,311.960000,817.910000,329.290000
925.320000,338.300000,937.280000,207.520000,860.230000,310.940000,817.490000,327.010000
925.690000,338.550000,939.180000,207.960000,860.160000,309.880000,817.060000,324.520000
926.310000,338.840000,941.220000,208.250000,860.072174,307.525198,816.790000,322.070000
926.590000,339.160000,943.220000,208.830000,860.000000,306.440000,816.290000,319.410000
926.880000,339.420000,945.310000,209.140000,860.080000,305.450000,815.990000,316.950000
927.020000,339.750000,947.320000,209.830000,860.140000,304.220000,815.850000,314.300000
927.230000,339.870000,949.310000,210.210000,860.210000,303.080000,815.830000,311.620000
927.570000,339.980000,951.370000,210.810000,860.290000,301.980000,815.850000,308.910000
927.930000,340.110000,953.490000,211.250000,860.430000,300.670000,815.730000,306.190000
928.080000,340.300000,955.820000,211.850000,861.060000,299.170000,815.780000,303.540000
928.500000,340.320000,957.860000,212.150000,861.850000,298.120000,815.810000,300.740000
928.860000,340.770000,959.840000,212.880000,862.640000,297.090000,816.000000,297.990000
929.020000,340.990000,961.850000,213.520000,862.690000,295.880000,816.220000,295.110000
929.260000,341.210000,963.850000,214.110000,862.750000,294.650000,816.530000,292.350000
929.480000,341.550000,965.750000,214.930000,862.770000,292.970000,816.960000,289.570000
929.930000,341.820000,967.730000,215.750000,862.740000,291.140000,817.350000,286.830000
930.160000,342.120000,969.460000,216.560000,862.710000,289.250000,817.940000,284.000000
930.390000,342.360000,971.090000,216.990000,863.355106,287.348701,818.450000,281.180000
930.810000,342.820000,973.140000,217.770000,863.690000,285.150000,819.100000,278.380000
930.980000,343.050000,975.160000,218.340000,863.820000,283.320000,819.830000,275.570000
931.100000,343.330000,976.870000,219.150000,863.960000,281.490000,820.580000,272.780000
931.480000,343.820000,978.850000,220.020000,864.040000,280.210000,821.310000,269.960000
931.890000,344.040000,980.720000,220.840000,864.190000,279.040000,822.170000,267.090000
932.060000,344.250000,982.320000,221.870000,864.450000,277.870000,823.200000,264.260000
932.240000,344.490000,983.980000,222.700000,865.220000,276.670000,824.220000,261.390000
932.620000,344.950000,985.760000,223.690000,866.030000,274.790000,825.260000,258.460000
932.910000,345.240000,987.360000,224.460000,866.830000,272.880000,826.380000,255.640000
933.190000,345.630000,988.920000,225.210000,867.720000,270.930000,827.710000,252.860000
933.270000,346.010000,990.200000,226.050000,868.580000,268.980000,828.910000,249.980000
933.700000,346.260000,992.010000,227.020000,868.730000,266.990000,830.240000,247.150000
934.020000,346.740000,993.720000,227.910000,868.910000,265.050000,831.560000,244.360000
934.180000,347.010000,995.010000,228.960000,869.120000,263.050000,833.030000,241.480000
934.370000,347.280000,996.280000,229.780000,869.750000,261.090000,834.600000,238.540000
934.760000,347.700000,997.910000,230.880000,870.335073,260.539704,836.020000,235.760000
934.940000,347.940000,999.180000,231.740000,870.930000,259.650000,837.590000,233.050000
935.130000,348.200000,1000.770000,232.810000,871.850000,258.080000,839.170000,230.260000
935.350000,348.520000,1002.050000,233.630000,872.720000,256.110000,840.880000,227.410000
935.760000,348.870000,1003.380000,234.200000,873.500000,253.810000,842.690000,224.570000
935.960000,349.050000,1004.980000,235.120000,874.060000,251.780000,844.380000,221.710000
936.130000,349.230000,1006.510000,236.000000,875.060000,249.760000,846.230000,218.910000
936.350000,349.720000,1007.790000,236.940000,876.020000,247.870000,848.210000,216.260000
936.760000,350.020000,1008.890000,237.960000,877.030000,245.880000,850.090000,213.470000
936.900000,350.230000,1010.120000,238.940000,877.980000,243.910000,852.090000,210.720000
937.040000,350.480000,1011.280000,239.740000,879.040000,241.850000,854.130000,208.200000
937.240000,350.890000,1012.350000,240.630000,880.130000,239.850000,856.100000,205.400000
937.470000,351.100000,1013.310000,241.460000,881.230000,237.830000,858.310000,202.880000
937.860000,351.310000,1014.570000,242.000000,882.410000,235.810000,860.360000,200.190000
938.060000,351.760000,1016.010000,242.830000,883.860000,233.870000,862.620000,197.650000
938.290000,352.000000,1017.060000,243.590000,885.050000,231.850000,864.970000,195.090000
938.710000,352.240000,1018.110000,244.130000,886.210000,229.840000,867.260000,192.510000
938.910000,352.540000,1019.190000,245.030000,888.429454,227.217339,869.750000,190.040000
939.120000,352.900000,1020.210000,245.910000,889.610000,224.980000,872.130000,187.500000
939.120000,353.080000,1021.280000,246.900000,890.910000,223.000000,874.550000,185.120000
939.330000,353.290000,1022.290000,247.750000,892.190000,221.000000,877.010000,182.560000
939.710000,353.550000,1023.340000,248.450000,893.540000,219.000000,879.530000,180.230000
940.050000,354.000000,1024.280000,249.070000,895.180000,216.980000,882.120000,177.700000
940.090000,354.250000,1025.070000,249.900000,896.900000,214.990000,884.760000,175.560000
940.270000,354.620000,1025.990000,250.780000,898.640000,213.030000,887.280000,173.130000
940.450000,354.800000,1026.990000,251.550000,900.020000,211.060000,889.960000,170.680000
940.820000,354.990000,1027.780000,252.130000,901.390000,209.080000,892.630000,168.560000
940.980000,355.170000,1028.650000,252.940000,903.140000,207.090000,895.140000,166.220000
941.130000,355.350000,1029.390000,253.780000,905.010000,205.260000,897.920000,164.010000
941.300000,355.710000,1029.960000,254.560000,906.850000,203.080000,900.690000,161.790000
941.450000,355.970000,1030.850000,255.120000,908.920000,201.070000,903.370000,159.700000
941.770000,356.230000,1031.670000,255.900000,910.820000,199.050000,906.160000,157.500000
941.940000,356.390000,1032.070000,256.830000,912.790000,197.130000,909.110000,155.540000
942.100000,356.740000,1032.850000,257.450000,914.760000,195.180000,911.910000,153.370000
942.340000,356.950000,1033.640000,258.110000,916.770000,193.110000,914.870000,151.700000
942.620000,357.110000,1034.060000,258.790000,918.959593,191.719897,917.760000,149.460000
942.840000,357.320000,1034.900000,259.150000,922.400000,188.890000,920.750000,147.830000
942.990000,357.640000,1035.530000,259.920000,922.731127,188.539962,923.600000,145.720000
943.160000,357.850000,1035.910000,260.640000,924.550000,187.690000,926.460000,143.960000
943.370000,358.040000,1036.210000,260.980000,926.580000,186.220000,929.460000,142.150000
943.590000,358.100000,1036.970000,261.590000,928.910000,184.270000,932.450000,140.460000
943.730000,358.250000,1037.610000,262.100000,930.960000,181.970000,935.420000,138.650000
943.920000,358.420000,1037.990000,262.940000,932.980000,180.120000,938.460000,137.020000
943.980000,358.780000,1038.250000,263.780000,935.000000,178.290000,941.520000,135.490000
944.050000,358.930000,1038.930000,264.340000,937.010000,176.510000,944.680000,133.810000
944.120000,359.100000,1039.510000,264.600000,939.020000,175.070000,947.680000,132.300000
944.220000,359.170000,1039.800000,264.920000,941.050000,173.770000,950.670000,130.850000
944.320000,359.250000,1040.020000,265.140000,943.050000,171.950000,953.790000,129.290000
944.340000,359.370000,1040.180000,265.380000,945.130000,170.150000,956.880000,127.850000
944.370000,359.490000,1040.380000,266.010000,947.190000,168.290000,959.990000,126.630000
944.370000,359.840000,1040.950000,266.640000,950.070766,167.241200,963.000000,125.290000
944.410000,359.880000,1041.090000,266.830000,952.660000,165.790000,966.020000,124.070000
944.470000,359.950000,1041.230000,267.020000,954.770000,163.930000,969.060000,122.860000
944.600000,359.950000,1041.410000,267.140000,956.860000,162.120000,972.050000,121.620000
944.610000,360.140000,1041.920000,267.270000,958.920000,160.350000,975.070000,120.400000
944.610000,360.150000,1041.930000,267.410000,961.000000,159.130000,978.050000,119.340000
944.600000,360.150000,1042.020000,267.930000,963.050000,158.000000,981.060000,118.230000
944.590000,360.150000,1042.090000,268.010000,965.090000,156.920000,984.070000,117.140000
944.390000,360.150000,1042.120000,268.020000,967.140000,155.770000,986.980000,116.150000
944.160000,360.150000,1042.140000,268.070000,969.140000,154.700000,989.860000,115.240000
944.060000,360.160000,1042.150000,268.140000,971.210000,153.590000,992.730000,114.210000
943.820000,360.160000,1042.150000,268.150000,973.380000,151.890000,995.610000,113.290000
943.820000,360.160000,1042.160000,268.140000,976.070000,150.110000,998.350000,112.450000
943.670000,360.150000,1042.170000,268.120000,978.521942,150.022601,1001.130000,111.560000
943.470000,360.140000,1042.170000,268.080000,980.990000,149.580000,1003.920000,110.780000
943.180000,360.050000,1042.100000,268.080000,983.090000,148.390000,1006.690000,109.930000
943.010000,359.970000,1042.050000,268.070000,985.180000,146.900000,1009.340000,109.170000
942.790000,359.950000,1041.920000,268.020000,987.210000,145.910000,1012.120000,108.360000
942.560000,359.950000,1041.770000,267.970000,989.240000,144.880000,1014.700000,107.820000
942.230000,359.810000,1041.680000,267.920000,991.260000,143.870000,1017.360000,107.040000
942.070000,359.620000,1041.560000,267.820000,993.270000,142.900000,1019.920000,106.450000
941.790000,359.400000,1041.010000,267.690000,995.260000,141.890000,1022.430000,105.890000
941.460000,359.350000,1040.810000,267.540000,997.260000,140.880000,1024.990000,105.290000
941.140000,359.150000,1040.580000,266.920000,999.270000,139.880000,1027.490000,104.830000
940.820000,359.120000,1040.000000,266.260000,1001.180000,138.950000,1029.940000,104.280000
940.530000,358.980000,1039.390000,266.140000,1003.190000,137.970000,1032.260000,103.870000
940.280000,358.790000,1039.130000,265.990000,1005.100000,137.040000,1034.890000,103.530000
940.060000,358.570000,1038.890000,265.810000,1007.090000,136.060000,1037.060000,103.080000
939.820000,358.220000,1038.680000,265.680000,1009.060000,135.100000,1039.270000,102.820000
939.540000,358.070000,1037.970000,265.310000,1010.930000,134.200000,1041.540000,102.500000
939.120000,358.050000,1037.290000,264.800000,1012.840000,133.320000,1043.860000,102.170000
938.900000,357.910000,1036.970000,264.000000,1014.650000,132.500000,1046.000000,102.020000
938.640000,357.740000,1036.660000,263.390000,1016.000000,132.130000,1048.120000,101.780000
938.200000,357.560000,1036.080000,263.110000,1017.240000,131.920000,1050.130000,101.530000
937.930000,357.190000,1035.770000,262.900000,1018.940000,131.520000,1052.130000,101.390000
937.640000,357.010000,1035.020000,262.570000,1020.740000,130.780000,1054.130000,101.230000
937.210000,356.860000,1034.180000,261.720000,1022.310000,129.890000,1056.000000,101.180000
936.990000,356.690000,1033.600000,261.100000,1023.780000,129.080000,1057.980000,101.130000
936.700000,356.440000,1033.150000,260.350000,1025.040000,128.250000,1059.800000,101.020000
936.180000,356.080000,1032.820000,260.000000,1026.180000,127.540000,1061.600000,100.920000
935.900000,355.990000,1032.070000,259.810000,1027.380000,127.240000,1063.200000,100.830000
935.580000,355.890000,1031.260000,259.430000,1029.000000,127.020000,1064.810000,100.810000
935.090000,355.680000,1030.420000,258.560000,1030.490000,126.870000,1066.350000,100.740000
934.800000,355.290000,1030.110000,257.760000,1031.640000,126.640000,1067.870000,100.650000
934.290000,355.140000,1029.570000,256.960000,1032.710000,125.870000,1069.290000,100.570000
934.010000,355.010000,1028.850000,256.110000,1033.880000,125.120000,1070.710000,100.660000
933.760000,354.890000,1028.080000,255.400000,1034.880000,124.350000,1071.930000,100.320000
933.260000,354.730000,1027.200000,255.030000,1035.860000,124.220000,1072.990000,100.400000
933.000000,354.580000,1026.370000,254.590000,1036.810000,124.040000,1074.210000,100.320000
932.690000,354.290000,1025.910000,253.730000,1037.640000,123.950000,1075.260000,100.120000
932.160000,354.160000,1025.090000,252.870000,1038.110000,123.790000,1076.270000,99.960000
931.860000,354.000000,1024.280000,252.030000,1038.920000,123.590000,1077.170000,99.790000
931.490000,353.840000,1023.560000,251.270000,1039.850000,122.950000,1078.070000,99.640000
931.050000,353.710000,1023.050000,250.440000,1040.740000,122.170000,1078.930000,99.480000
930.790000,353.570000,1022.280000,249.970000,1041.330000,121.540000,1079.690000,99.300000
930.280000,353.270000,1021.670000,249.150000,1041.720000,121.290000,1080.220000,99.080000
930.020000,353.170000,1020.870000,248.290000,1041.990000,121.220000,1080.930000,98.910000
929.730000,353.030000,1020.050000,247.690000,1042.230000,121.140000,1081.470000,98.610000
929.200000,352.890000,1019.240000,247.100000,1042.520000,121.060000,1081.930000,98.540000
928.920000,352.850000,1018.440000,246.290000,1042.940000,120.990000,1082.220000,98.230000
928.580000,352.670000,1017.900000,245.940000,1043.040000,120.930000,1082.690000,97.960000
928.110000,352.600000,1017.050000,245.100000,1043.030000,120.880000,1082.830000,97.660000
927.740000,352.330000,1016.130000,244.250000,1043.060000,120.840000,1083.000000,97.520000
927.340000,352.080000,1015.390000,243.590000,1043.020000,120.740000,1083.080000,97.200000
927.040000,351.950000,1014.840000,243.010000,1042.882118,119.294663,1083.080000,96.840000
926.690000,351.850000,1014.030000,242.230000,1043.090000,118.520000,1083.100000,96.630000
926.170000,351.640000,1013.330000,241.540000,1043.020000,118.300000,1083.000000,96.250000
925.890000,351.220000,1012.660000,241.140000,1042.930000,118.150000,1082.900000,95.900000
925.580000,351.200000,1011.980000,240.750000,1042.790000,118.000000,1082.660000,95.470000
925.080000,351.010000,1011.150000,240.000000,1042.480000,117.810000,1082.280000,95.210000
924.770000,350.870000,1010.390000,239.270000,1042.050000,117.680000,1081.940000,94.850000
924.200000,350.700000,1009.810000,238.780000,1041.830000,117.340000,1081.510000,94.290000
923.890000,350.600000,1009.010000,238.100000,1041.510000,116.870000,1081.010000,93.940000
923.700000,350.140000,1008.110000,237.490000,1041.050000,116.280000,1080.440000,93.360000
923.080000,349.950000,1007.240000,237.150000,1040.670000,116.090000,1079.820000,92.940000
922.900000,349.760000,1006.320000,236.840000,1040.060000,115.950000,1079.050000,92.500000
922.470000,349.520000,1005.560000,236.420000,1039.470000,115.770000,1078.370000,91.920000
922.080000,349.270000,1004.950000,235.660000,1038.900000,115.450000,1077.630000,91.410000
921.930000,349.060000,1004.000000,234.980000,1038.130000,114.950000,1076.830000,90.800000
921.500000,348.870000,1003.190000,234.520000,1037.450000,114.310000,1075.870000,90.310000
921.090000,348.860000,1002.380000,234.150000,1036.910000,114.110000,1074.980000,89.640000
920.820000,348.670000,1001.790000,233.630000,1036.070000,113.980000,1073.960000,88.950000
920.490000,348.430000,1000.800000,232.980000,1035.220000,113.740000,1072.930000,88.460000
920.090000,348.060000,1000.040000,232.520000,1034.400000,113.530000,1071.850000,87.770000
919.790000,347.980000,999.020000,232.130000,1033.810000,112.920000,1070.800000,87.130000
919.350000,347.810000,998.080000,231.740000,1032.990000,112.170000,1069.700000,86.440000
919.070000,347.640000,997.270000,231.080000,1032.060000,111.750000,1068.460000,85.710000
918.900000,347.220000,996.480000,230.710000,1031.030000,111.310000,1067.340000,84.990000
918.590000,347.120000,995.900000,230.240000,1030.030000,110.990000,1066.110000,84.360000
918.140000,347.010000,994.940000,229.990000,1028.920000,110.770000,1064.920000,83.570000
917.930000,346.910000,994.070000,229.630000,1027.910000,110.440000,1063.710000,82.840000
917.690000,346.790000,993.180000,229.160000,1026.840000,109.770000,1062.480000,82.060000
917.180000,346.480000,992.330000,228.810000,1025.770000,109.000000,1061.140000,81.420000
916.970000,346.310000,991.600000,228.260000,1024.720000,108.140000,1059.940000,80.660000
916.740000,346.220000,990.890000,227.930000,1023.500000,107.480000,1058.530000,79.930000
916.450000,346.120000,990.020000,227.690000,1022.060000,107.120000,1057.180000,79.230000
916.050000,345.930000,989.020000,226.960000,1020.870000,106.900000,1055.890000,78.550000
915.850000,345.930000,988.210000,226.370000,1019.640000,106.480000,1054.270000,78.070000
915.600000,345.830000,987.330000,226.150000,1018.010000,105.820000,1052.250000,77.890000
915.140000,345.720000,986.630000,225.970000,1016.310000,105.030000,1050.210000,77.820000
914.960000,345.610000,985.890000,225.590000,1014.950000,104.190000,1048.360000,77.760000
914.760000,345.470000,985.080000,225.030000,1012.373634,103.560066,1046.430000,77.820000
914.540000,345.200000,984.250000,224.780000,1010.250000,103.490000,1044.650000,77.820000
914.150000,345.100000,983.460000,224.200000,1008.520000,103.130000,1042.900000,78.040000
913.950000,345.050000,982.930000,224.000000,1006.980000,102.880000,1041.100000,78.220000
913.770000,344.930000,981.920000,223.660000,1005.070000,102.780000,1039.280000,78.400000
913.560000,344.880000,981.090000,223.030000,1003.140000,102.500000,1037.410000,78.510000
913.160000,344.810000,980.230000,222.490000,1001.260000,102.030000,1035.530000,78.690000
912.960000,344.730000,979.260000,222.140000,999.220000,101.920000,1033.600000,78.870000
912.770000,344.610000,978.360000,221.900000,997.080000,101.760000,1031.610000,79.090000
912.570000,344.320000,977.430000,221.550000,995.100000,101.440000,1029.350000,79.340000
912.160000,344.320000,976.770000,220.950000,993.260000,100.640000,1026.930000,79.470000
911.970000,344.320000,975.930000,220.280000,992.282968,100.523823,1024.570000,79.700000
911.750000,344.200000,975.000000,220.030000,989.960000,100.750000,1021.970000,79.800000
911.480000,344.090000,974.110000,219.750000,987.590000,100.910000,1019.520000,79.890000
911.110000,344.000000,973.210000,219.090000,984.980000,100.870000,1016.980000,79.970000
910.930000,343.910000,972.200000,218.930000,982.540000,100.720000,1014.450000,79.980000
910.720000,343.880000,971.360000,218.760000,980.290000,100.710000,1012.040000,80.030000
910.470000,343.850000,970.320000,218.400000,978.100000,100.700000,1009.630000,80.110000
910.010000,343.820000,969.330000,217.910000,975.910000,100.660000,1007.210000,80.190000
909.810000,343.800000,968.530000,217.270000,973.650000,100.680000,1004.860000,80.350000
909.470000,343.710000,968.000000,217.090000,971.130000,100.670000,1002.470000,80.410000
909.050000,343.570000,967.140000,216.880000,968.970000,100.780000,1000.050000,80.610000
908.670000,343.390000,966.300000,216.720000,966.800000,100.780000,997.830000,80.460000
908.160000,343.370000,965.540000,216.550000,964.590000,100.850000,995.380000,80.830000
907.880000,343.350000,965.020000,216.040000,962.120000,100.960000,992.940000,80.740000
907.580000,343.350000,964.210000,216.060000,959.920000,101.150000,990.570000,80.900000
907.080000,343.360000,963.590000,216.070000,957.790000,101.220000,988.190000,80.910000
906.780000,343.350000,963.230000,216.060000,955.580000,101.400000,985.910000,81.050000
906.220000,343.350000,962.960000,216.020000,953.140000,101.910000,983.460000,81.060000
905.650000,343.350000,962.500000,216.090000,950.970000,102.040000,980.950000,81.040000
905.030000,343.590000,961.860000,216.140000,948.920000,102.160000,978.690000,81.040000
904.430000,343.950000,961.220000,216.290000,946.730000,102.310000,976.310000,81.070000
903.960000,344.210000,960.800000,216.580000,944.620000,102.440000,974.030000,81.090000
903.220000,344.580000,960.100000,217.110000,942.230000,102.950000,971.640000,81.090000
902.850000,345.040000,959.510000,217.750000,940.170000,103.070000,969.310000,81.080000
902.160000,345.430000,959.170000,217.920000,938.080000,103.140000,966.930000,81.110000
901.570000,345.830000,958.710000,218.130000,935.960000,103.260000,964.530000,81.150000
900.950000,346.100000,957.860000,218.400000,933.840000,103.350000,962.180000,81.130000
900.270000,346.320000,957.100000,219.060000,931.740000,103.520000,959.730000,81.120000
899.750000,346.910000,956.530000,219.680000,929.720000,103.960000,957.330000,81.110000
